{
    "version": 3,
    "configurePresets": [
        {
            "name": "Release",
            "description": "Compile project with release build settings",
            "generator": "Unix Makefiles",
            "binaryDir": "${sourceDir}/build/out/${presetName}",
            "cacheVariables": {
                "CMAKE_BUILD_TYPE": "Release",
                "CMAKE_INSTALL_PREFIX": "${sourceDir}/build/install/${presetName}"
            },
            "condition": {
                "type": "equals",
                "lhs": "${hostSystemName}",
                "rhs": "Linux"
            }
        },
        {
            "name": "Debug",
            "description": "Compile project with debug build settings",
            "inherits": "Release",
            "cacheVariables": {
                "CMAKE_BUILD_TYPE": "Debug"
            }
        },
        {
            "name": "DebugGCC",
            "inherits": "Debug",
            "cacheVariables": {
                "CMAKE_C_COMPILER": "gcc",
                "CMAKE_CXX_COMPILER": "g++"
            }
        },
        {
            "name": "ReleaseGCC",
            "inherits": "Release",
            "cacheVariables": {
                "CMAKE_C_COMPILER": "gcc",
                "CMAKE_CXX_COMPILER": "g++"
            }
        }
    ],
    "buildPresets": [
        {
            "name": "Release",
            "configurePreset": "Release"
        },
        {
            "name": "Debug",
            "configurePreset": "Debug"
        }
    ]
}